param,olshausen_mean,olshausen_std,ica_mean,ica_std,ssn_mean,ssn_std
0.0,59.80076820240237,0.846952948771205,685.38048125,13.416163360214018,2395.3906089414186,61.018807204033294
0.25,3.66770609182297,0.025008224328776984,19.820008984375,0.4566242872655625,892.8157052929085,194.3514579984516
0.5,0.9865219790545912,0.010092264666818578,6.961066845703125,0.18280677199132206,580.2293454522097,44.78667156002702
0.75,0.41810202681883507,0.010154268755960282,3.218395043945312,0.11478838780971214,149.75999606564747,4.491715745509654
1.0,0.31523542649209313,0.01344576236096407,1.7606433349609376,0.07900925144665291,12.435229567462102,1.051267258866858
1.25,0.37492073270791854,0.015100405955928608,1.1631572875976564,0.06004274951582276,77.99893290724563,3.7927144474708587
1.5,0.4829235896299702,0.016811051555374927,0.8641693817138674,0.0488537500699988,196.00559721865366,9.411802270300747
2.0,0.7211918328060766,0.02034287008061293,0.6086720245361328,0.036171700436743504,431.123456770298,13.64204931531585
