param,olshausen_mean,olshausen_std,ica_mean,ica_std,ssn_mean,ssn_std
0.0,0.3313767953619805,0.00864557904625741,5.908698217773437,0.15116826754727355,0.1060477316563323,0.006865400663370526
0.25,0.33134978667805154,0.008642958403595337,5.655888720703124,0.14666790674624872,0.1060347448272548,0.006864567405202335
0.5,0.32891773721787076,0.008600160765897607,5.150568908691406,0.13649009558130465,0.10581874043698913,0.006850025116522927
0.75,0.319079795280684,0.00847550149640386,4.597169970703126,0.12466292736185729,0.10477214236911252,0.00677495845039446
1.0,0.3015186258847275,0.008259774702020953,4.108686633300781,0.1143738919063107,0.1015911239514248,0.006523759672682454
1.25,0.2794088161739024,0.007963792030380475,3.7295002319335944,0.10723320673778637,0.09450097667227546,0.005908238802240209
1.5,0.25629417207723776,0.007589657655775995,3.4627605102539065,0.10303488176906642,0.08261927029334261,0.0047641678559135784
2.0,0.21503682072826674,0.00669338529917139,3.1564728393554686,0.10169808451225706,0.05393260375568826,0.0024327102786744427
