param,olshausen_mse,ica_mse
0.0,6.340556016588107e-07,0.15946399688720703
0.1,0.002204151033497543,15.54771728515625
0.2,0.008222896295608254,24.7768310546875
0.5,0.042019886201111654,41.754375
1.0,0.11636937877502128,56.9454267578125
5.0,0.33804003332281163,80.616748046875
