param,olshausen_mean,olshausen_std,ica_mean,ica_std,ssn_mean,ssn_std
0.0,0.010653242520903756,0.000967724031710691,0.19684940490722655,0.014274827298910503,0.8766120338243913,0.33828289538034123
0.1,0.06424047209376053,0.0019922131000660644,0.8925321655273437,0.025722727627879673,1.027908209146968,0.2188533338004436
0.2,0.2099456834156001,0.005139602530806427,2.5378740600585936,0.06437119669040665,1.6111849025244092,0.20411148259167783
0.5,1.006127459221239,0.020506962226359695,10.682744580078126,0.2861172757457849,5.453140305835689,1.1006403264075157
1.0,2.7716186021606815,0.05943779688898049,26.905550781249996,0.7548913026405192,14.281022319421249,1.8219699735229435
5.0,9.074632659943473,0.24975501725907379,80.563034765625,2.1108477548347424,50.10261433710174,2.618226581077727
