param,olshausen_mean,olshausen_std,ica_mean,ica_std,ssn_mean,ssn_std
0.0,0.30151862196417534,0.008259777440752005,4.108686657714843,0.11437390480175327,0.1015911239514248,0.006523759672682454
1.0,0.3221787236087247,0.008594848955185428,4.834366198730469,0.13767184210457706,0.10460372132853149,0.006788461267298209
2.0,0.32301819302440304,0.008552071770035675,4.930767175292969,0.14134786352506154,0.10490544937619939,0.006828976848130835
3.0,0.3286744332387048,0.008683408108518377,5.484062207031251,0.15030087792805352,0.10586640023744118,0.006863248417610225
4.0,0.3313767953619805,0.008645580900844663,5.908698217773437,0.15116826754727355,0.1060477316563323,0.006865400663370526
