param,olshausen_mean,olshausen_std,ica_mean,ica_std,ssn_mean,ssn_std
0.0,0.010653242520903756,0.000967724031710691,0.19684940490722655,0.014274827298910503,0.8766120338243913,0.33828289538034123
1.0,2.755013250839061,0.07684586590750743,28.801399316406247,0.817863737853663,2.105159772851362,0.20072943458106246
2.0,4.900337029483556,0.15130402058425765,47.097332031250005,1.4052052807877846,10.753270882178185,1.0325153328941894
3.0,6.696149904852904,0.19988250958082593,63.169044140625,1.6609133852161226,21.32870351040596,2.4684298919144756
4.0,8.027869091445593,0.2387956155885086,74.854273828125,1.9466814526932477,32.96293358170606,2.881435861134243
